molecule_chembl_id;canonical_smiles;standard_value;bioactivity
CHEMBL122071;CC(=O)O[C@@H]1CC(=O)N1C(=O)NC(C)C;1000000;inactive
CHEMBL124107;CCCCNC(=O)N1C(=O)C[C@H]1OC(C)=O;680000;inactive
CHEMBL120853;C[C@@H]1C(=O)N(C(=O)NCc2ccccc2)[C@@H]1Oc1ccc(C(=O)O)cc1;1000000;inactive
CHEMBL122296;CC(=O)O[C@@H]1[C@@H](C)C(=O)N1C(=O)NCc1ccccc1;65000;intermediate
CHEMBL333734;CC(=O)O[C@@H]1[C@H](C)C(=O)N1C(=O)NCc1ccccc1;270000;inactive
CHEMBL74483;CC[C@@H]1C(=O)N(C(=O)NCc2ccccc2)[C@@H]1Oc1ccc(C(=O)O)cc1;1000000;inactive
CHEMBL333117;CC(C)NC(=O)N1C(=O)C[C@H]1Oc1ccc(C(=O)O)cc1;1000000;inactive
CHEMBL334176;O=C(O)c1ccc(O[C@@H]2CC(=O)N2C(=O)Nc2ccccc2)cc1;1000000;inactive
CHEMBL122983;C[C@H]1C(=O)N(C(=O)NCc2ccccc2)[C@@H]1Oc1ccc(C(=O)C(C)(C)C)cc1;170000;inactive
CHEMBL122731;CCC1(CC)C(=O)N(C(=O)NC)[C@@H]1OC(C)=O;1000000;inactive
CHEMBL123589;CC(=O)O[C@@H]1[C@@H](C)C(=O)N1C(=O)Nc1ccccc1;860000;inactive
CHEMBL331459;C[C@@H]1C(=O)N(C(=O)NCc2ccccc2)[C@@H]1Oc1ccc(C(=O)C(C)(C)C)cc1;1000000;inactive
CHEMBL123457;CC(=O)O[C@H]1N(C(=O)NCc2ccccc2)C(=O)C1(C)C;1000000;inactive
CHEMBL123455;CC(=O)O[C@@H]1[C@H](C)C(=O)N1C(=O)Nc1ccccc1;1000000;inactive
CHEMBL332366;O=C(O)c1ccc(O[C@@H]2CC(=O)N2C(=O)NCc2ccccc2)cc1;1000000;inactive
CHEMBL331210;CC(=O)O[C@@H]1CC(=O)N1C(=O)NCc1ccccc1;420000;inactive
CHEMBL122575;C[C@H]1C(=O)N(C(=O)NCc2ccccc2)[C@@H]1Oc1ccc(C(=O)O)cc1;200000;inactive
CHEMBL305708;CC[C@H]1C(=O)N(C(=O)NCc2ccccc2)[C@@H]1Oc1ccc(C(=O)O)cc1;500000;inactive
CHEMBL122963;CCNC(=O)N1C(=O)C[C@H]1OC(C)=O;1000000;inactive
CHEMBL49877;C[C@@H]1[C@H](C(=O)N2C(=O)[C@@H](C)[C@@H]3[C@@H]2CCN3C(=O)[C@@H]2CCCN2S(=O)(=O)c2cccc3c(N(C)C)cccc23)[C@@H]1C;51000;intermediate
CHEMBL446658;C[C@@H]1C(=O)N(C(=O)C2CC2)[C@H]2CCN(C(=O)OCc3ccccc3)[C@H]12;90000;intermediate
CHEMBL431337;C[C@@H]1C(=O)N(C(=O)NCc2ccccc2)[C@H]2CCN(C(=O)[C@@H]3CCCN3S(=O)(=O)c3cccc4c(N(C)C)cccc34)[C@H]12;66000;intermediate
CHEMBL48421;CNC(=O)N1C(=O)[C@@H](C)[C@@H]2[C@@H]1CCN2C(=O)[C@@H]1CCCN1S(=O)(=O)c1cccc2c(N(C)C)cccc12;220000;inactive
CHEMBL47226;CC(=O)N1C(=O)C(C)(C)[C@@H]2[C@@H]1CCN2C(=O)OCc1ccccc1;5000000;inactive
CHEMBL48562;COP(=O)(OC)N1C(=O)[C@@H](C)[C@@H]2[C@@H]1CCN2C(=O)OCc1ccccc1;5000000;inactive
CHEMBL46944;C[C@@H]1C(=O)N(C(=O)NCc2ccccc2)[C@H]2CCN(C(=O)OCc3ccccc3)[C@H]12;2500000;inactive
CHEMBL296301;C[C@@H]1C(=O)N(C(=O)C2C(C)(C)C2(C)C)[C@H]2CCN(C(=O)OCc3ccccc3)[C@H]12;5000000;inactive
CHEMBL49731;C[C@@H]1C(=O)N(c2nccs2)[C@H]2CCN(C(=O)OCc3ccccc3)[C@H]12;5000000;inactive
CHEMBL47429;C[C@@H]1C(=O)N(C(=O)C2C(C)(C)C2(C)C)[C@H]2CCN(C(=O)[C@@H]3CCCN3S(=O)(=O)c3cccc4c(N(C)C)cccc34)[C@H]12;1000000;inactive
CHEMBL50373;C[C@@H]1C(=O)N(c2ccc([N+](=O)[O-])cc2[N+](=O)[O-])[C@H]2CCN(C(=O)OCc3ccccc3)[C@H]12;5000000;inactive
CHEMBL297341;C[C@@H]1[C@H](C(=O)N2C(=O)[C@@H](C)[C@@H]3[C@@H]2CCN3C(=O)OCc2ccccc2)[C@@H]1C;720000;inactive
CHEMBL298789;C[C@@H]1C(=O)N(C(=O)C(C)(C)C)[C@H]2CCN(C(=O)OCc3ccccc3)[C@H]12;5000000;inactive
CHEMBL300091;CNC(=O)N1C(=O)[C@@H](C)[C@@H]2[C@@H]1CCN2C(=O)OCc1ccccc1;5000000;inactive
CHEMBL45899;CC(=O)N1C(=O)[C@@H](C)[C@@H]2[C@@H]1CCN2C(=O)OCc1ccccc1;400000;inactive
CHEMBL298170;COC(=O)N1C(=O)[C@@H](C)[C@@H]2[C@@H]1CCN2C(=O)OCc1ccccc1;1480000;inactive
CHEMBL301787;CC1CC1C(=O)N1C(=O)[C@@H](C)[C@@H]2[C@@H]1CCN2C(=O)OCc1ccccc1;160000;inactive
CHEMBL295394;CC1CC1C(=O)N1C(=O)[C@@H](C)[C@@H]2[C@@H]1CCN2C(=O)[C@@H]1CCCN1S(=O)(=O)c1cccc2c(N(C)C)cccc12;14000;intermediate
CHEMBL431158;C[C@@H]1C(=O)N(S(C)(=O)=O)[C@H]2CCN(C(=O)OCc3ccccc3)[C@H]12;5000000;inactive
CHEMBL49788;C[C@@H]1C(=O)N(c2ccc([N+](=O)[O-])cc2)[C@H]2CCN(C(=O)OCc3ccccc3)[C@H]12;5000000;inactive
CHEMBL45799;C[C@@H]1C(=O)N(c2nccs2)[C@H]2CCN(C(=O)[C@@H]3CCCN3S(=O)(=O)c3cccc4c(N(C)C)cccc34)[C@H]12;21000;intermediate
CHEMBL299435;C[C@@H]1C(=O)N(C(=O)C2CC2)[C@H]2CCN(C(=O)[C@@H]3CCCN3S(=O)(=O)c3cccc4c(N(C)C)cccc34)[C@H]12;3400;active
CHEMBL48639;C[C@@H]1C(=O)N(c2ccc([N+](=O)[O-])cc2)[C@H]2CCN(C(=O)[C@@H]3CCCN3S(=O)(=O)c3cccc4c(N(C)C)cccc34)[C@H]12;410000;inactive
CHEMBL58311;O=c1cc(-c2ccccc2)sc2ccccc12;340000;inactive
CHEMBL421075;CS(=O)(=O)c1ccc(-c2cc(=O)c3ccccc3s2)cc1;340000;inactive
CHEMBL123060;O=c1cc(-c2cccnc2)sc2ccccc12;340000;inactive
CHEMBL122115;CS(=O)(=O)c1ccc(C2=CC(=O)c3ccccc3S2(=O)=O)cc1;1000;active
CHEMBL123391;O=c1cc(-c2ccccc2)[s+]([O-])c2ccccc12;100000;inactive
CHEMBL333186;O=C1C=C(c2cccs2)S(=O)(=O)c2ccccc21;4600;active
CHEMBL121931;O=C1C=C(c2ccc([N+](=O)[O-])cc2)S(=O)(=O)c2ccccc21;600;active
CHEMBL332411;Cc1cccc2c1S(=O)(=O)C(c1ccc([N+](=O)[O-])cc1)=CC2=O;1100;active
CHEMBL120448;CCOC(=O)c1ccc2c(c1)C(=O)C=C(c1ccc([N+](=O)[O-])cc1)S2(=O)=O;1800;active
CHEMBL124175;O=C1C=C(c2ccncc2)S(=O)(=O)c2ccccc21;1000;active
CHEMBL263745;O=C1C=C(c2ccc(-c3ccccc3)cc2)S(=O)(=O)c2ccccc21;600;active
CHEMBL421093;CCCCCCCC1=CC(=O)c2ccccc2S1(=O)=O;14000;intermediate
CHEMBL123109;CC(C)c1cccc2c1S(=O)(=O)C(c1ccc([N+](=O)[O-])cc1)=CC2=O;1800;active
CHEMBL122199;O=C1C=C(c2ccccc2)S(=O)(=O)c2ccccc21;15000;intermediate
CHEMBL124172;O=C1C=C(c2ccsc2)S(=O)(=O)c2ccccc21;340000;inactive
CHEMBL123989;Cc1cccc2c1C(=O)C=C(c1ccc([N+](=O)[O-])cc1)S2(=O)=O;1000;active
CHEMBL331182;O=C1C=C(c2cccnc2)S(=O)(=O)c2ccccc21;2000;active
CHEMBL333256;O=C1C=C(c2ccc[n+]([O-])c2)S(=O)(=O)c2ccccc21;6000;active
CHEMBL333761;O=C1C=C(c2cc[n+]([O-])cc2)S(=O)(=O)c2ccccc21;6000;active
CHEMBL123991;CC(C)(C)C1=CC(=O)c2ccccc2S1(=O)=O;340000;inactive
CHEMBL51623;C[C@@H]1C(=O)N(C(=O)C2CCC2)[C@H]2CCN(C(=O)OCc3ccccc3)C12;320000;inactive
CHEMBL298633;CC(C)C(=O)N1C(=O)[C@@H](C)C2[C@@H]1CCN2C(=O)OCc1ccccc1;1260000;inactive
CHEMBL50036;C[C@@H]1C(=O)N(C(=O)C(C)(C)C)[C@H]2CCN(C(=O)OCc3ccccc3)C12;5000000;inactive
CHEMBL298136;CC(=O)N1C(=O)[C@@H](C)[C@@H]2[C@@H]1CCN2C(=O)[C@@H]1CCCN1C(=O)c1ccccc1;500000;inactive
CHEMBL51822;C[C@@H]1C(=O)N(C(=O)CCO)[C@H]2CCN(C(=O)OCc3ccccc3)C12;1330000;intermediate
CHEMBL300182;C[C@@H]1C(=O)N(C(=O)C2CC2)[C@H]2CCN(C(=O)[C@@H]3CCCN3S(=O)(=O)c3cccc(C(=O)N(C)C)c3)[C@H]12;14000;inactive
CHEMBL50828;CC(=O)N1C(=O)[C@H](C)[C@H]2[C@H]1CCN2C(=O)[C@@H]1CCCN1S(=O)(=O)c1cccc2c(N(C)C)cccc12;5000000;inactive
CHEMBL296157;CC1CC1C(=O)N1C(=O)[C@@H](C)C2[C@@H]1CCN2C(=O)OCc1ccccc1;100000;inactive
CHEMBL50073;CC(=O)N1C(=O)[C@@H](C)C2[C@@H]1CCN2C(=O)OCc1ccccc1;790000;intermediate
CHEMBL417361;CC(NS(=O)(=O)c1cccc2c(N(C)C)cccc12)C(=O)N1CC[C@@H]2[C@@H]1[C@@H](C)C(=O)N2C(=O)C1CC1;70000;intermediate
CHEMBL298940;C[C@@H]1C(=O)N(C(=O)C2CC2)[C@H]2CCN(C(=O)[C@@H]3CCCN3S(=O)(=O)Cc3cccc(N(C)C)c3)[C@H]12;22000;inactive
CHEMBL51153;CC(=O)N1C(=O)[C@@H](C)C2[C@@H]1CCN2C(=O)COc1ccccc1;630000;inactive
CHEMBL423120;CC(=O)N1C(=O)[C@H](C)C2[C@H]1CCN2C(=O)OCc1ccccc1;10000000;inactive
CHEMBL300717;CC(=O)N1C(=O)C(C)C2C1CCN2C(=O)OCc1ccccc1;1100000;inactive
CHEMBL301715;CC(C)Oc1cccc(S(=O)(=O)N2CCC[C@H]2C(=O)N2CC[C@H]3[C@H]2[C@H](C)C(=O)N3C(=O)C2CC2)c1;650000;active
CHEMBL301610;CC(=O)N1C(=O)[C@@H](C)[C@@H]2[C@@H]1CCN2C(=O)[C@@H]1CCCN1S(=O)(=O)c1cccc2c(N(C)C)cccc12;5400;inactive
CHEMBL301090;CC(=O)N1C(=O)[C@H](C)[C@H]2[C@H]1CCN2C(=O)[C@@H]1CCCN1S(=O)(=O)c1ccc(C)cc1;1590000;inactive
CHEMBL300679;C[C@@H]1C(=O)N(CC(O)COc2ccccc2)[C@H]2CCN(C(=O)OCc3ccccc3)C12;5000000;inactive
CHEMBL51210;C[C@@H]1C(=O)N(C(=O)C2C(C)(C)C2(C)C)[C@H]2CCN(C(=O)OCc3ccccc3)C12;5000000;inactive
CHEMBL417540;Cc1ccc(S(=O)(=O)N2CCCC2C(=O)N2CC[C@H]3C2[C@H](C)C(=O)N3C=O)cc1;140000;inactive
CHEMBL50970;C[C@H]1C(=O)N(C(=O)C2CC2)[C@@H]2CCN(C(=O)C3CCCCN3S(=O)(=O)c3cccc4c(N(C)C)cccc34)[C@@H]12;130000;intermediate
CHEMBL50516;C[C@@H]1C(=O)N(C(=O)C2CC2)[C@H]2CCN(C(=O)OCc3ccccc3)C12;90000;intermediate
CHEMBL51470;CC(=O)N1C(=O)[C@@H](C)C2[C@@H]1CCN2C(=O)Cc1c(C)[nH]c2ccc(F)cc12;60000;inactive
CHEMBL50738;COc1ccc(C(=O)N2C(=O)[C@@H](C)C3[C@@H]2CCN3C(=O)OCc2ccccc2)cc1;5000000;inactive
CHEMBL50745;CC(=O)OCC(=O)N1C(=O)C(C)C2C1CCN2C(=O)OCc1ccccc1;130000;inactive
CHEMBL298960;CC(=O)N1C(=O)[C@@H](C)C2[C@@H]1CCN2CC(=O)Cc1ccccc1;790000;inactive
CHEMBL50778;CC(=O)N1C(=O)[C@H](C)[C@H]2[C@H]1CCN2C(=O)[C@@H]1CCCN1C(=O)c1ccccc1;5000000;inactive
CHEMBL50088;CC(=O)N1C(=O)[C@H](C)[C@H]2[C@H]1CCN2C(=O)[C@@H]1CCCN1S(=O)(=O)c1ccc([N+](=O)[O-])cc1;110000;inactive
CHEMBL51006;C[C@@H]1C(=O)N(C=O)[C@H]2CCN(C(=O)OCc3ccccc3)C12;3980000;inactive
CHEMBL2115461;C[C@@H]1C(=O)N(C(=O)C2[C@@H](C)[C@@H]2C)[C@H]2CCN(C(=O)OCc3ccccc3)C12;1000000;intermediate
CHEMBL51361;CC(=O)OCC(=O)N1C(=O)[C@@H](C)C2[C@@H]1CCN2C(=O)OCc1ccccc1;60000;inactive
CHEMBL2115030;C[C@@H]1C(=O)N(C(=O)C2[C@@H](C)[C@H]2C)[C@H]2CCN(C(=O)OCc3ccccc3)C12;720000;inactive
CHEMBL50095;CC(=O)N1C(=O)[C@@H](C)C2[C@@H]1CCN2S(=O)(=O)CCc1ccccc1;450000;inactive
CHEMBL295494;C[C@@H]1C(=O)N(C(=O)C2Cc3ccccc32)[C@H]2CCN(C(=O)OCc3ccccc3)C12;115000;inactive
CHEMBL299204;C[C@H]1C(=O)N(C(=O)C2CC2)[C@@H]2CCN(C(=O)CN(C)S(=O)(=O)c3cccc4c(N(C)C)cccc34)[C@@H]12;1000000;intermediate
CHEMBL298178;CC(=O)N1C(=O)[C@@H](C)C2[C@@H]1CCN2C(=O)C(=O)c1cccn1C;50000;inactive
CHEMBL288793;C[C@@H](NC(=O)N1C(=O)CC1SCc1ccc(CC(=O)OC(C)(C)C)cc1)c1ccccc1;750000;intermediate
CHEMBL35797;CC[C@@H](NC(=O)N1C(=O)CC1SCc1ccccn1)c1ccccc1;12000;intermediate
CHEMBL286322;C[C@@H](NC(=O)N1C(=O)CC1SCCc1ccccc1)c1ccccc1;65000;intermediate
CHEMBL32559;C[C@@H](NC(=O)N1C(=O)CC1SCc1ccncc1)c1ccccc1;21000;intermediate
CHEMBL32486;C[C@@H](NC(=O)N1C(=O)CC1Sc1ccccc1)c1ccccc1;19000;intermediate
CHEMBL263736;CC(C)C[C@@H](COC1CC(=O)N1C(=O)NCc1ccccc1)NC(=O)[C@@H](NC(=O)OC(C)(C)C)C(C)(C)C;13000;intermediate
CHEMBL285920;CC(C)C[C@@H](COC1CC(=O)N1C(=O)N[C@H](C)c1ccccc1)NC(=O)[C@@H](NC(=O)OC(C)(C)C)C(C)(C)C;14000;intermediate
CHEMBL287467;C[C@@H](NC(=O)N1C(=O)CC1SCc1ccccn1)c1ccccc1;25000;active
CHEMBL433040;C[C@@H](NC(=O)N1C(=O)CC1SCC(=O)c1ccccc1)c1ccccc1;10000;intermediate
CHEMBL36353;O=C1CC(SCc2ccccn2)N1C(=O)N[C@H](CO)c1ccccc1;36000;intermediate
CHEMBL36010;O=C1CC(SCc2ccccn2)N1C(=O)NCCOCc1ccccc1;64000;inactive
CHEMBL32936;CC(C)C[C@@H](COC1CC(=O)N1)NC(=O)[C@@H](NC(=O)OC(C)(C)C)C(C)(C)C;3000000;active
CHEMBL35762;CC(C)C[C@@H](CSC1CC(=O)N1C(=O)NCc1ccccc1)NC(=O)[C@@H](NC(=O)OC(C)(C)C)C(C)(C)C;4000;active
CHEMBL35353;CC[C@H](NC(=O)N1C(=O)CC1SC[C@H](CC(C)C)NC(=O)[C@@H](NC(=O)CC(C)(C)C)C(C)(C)C)c1ccccc1;700;intermediate
CHEMBL32918;C[C@@H](NC(=O)N1C(=O)CC1SCc1ccccc1)c1ccccc1;24000;active
CHEMBL32166;CC(C)C[C@@H](COC1CC(=O)N1C(=O)N[C@@H](C)c1ccccc1)NC(=O)[C@@H](NC(=O)OC(C)(C)C)C(C)(C)C;3000;intermediate
CHEMBL32171;C[C@@H](NC(=O)N1C(=O)CC1SCc1cccnc1)c1ccccc1;20000;active
CHEMBL335147;Cc1csc2nc([C@H](C)NC(=O)/C=C/C(=O)c3cccs3)oc(=O)c12;290;active
CHEMBL433457;COc1ccc2nc(/C=C/c3cccc4cc(NS(=O)(=O)C(F)(F)F)ccc34)ccc2c1;34;active
CHEMBL57560;O=C(O)c1ccc(CNc2ccc3c(COc4ccccc4)cccc3c2)cc1;48;active
CHEMBL265046;Cc1csc2nc([C@H](C)NC(=O)/C=C/C(=O)c3cccc([N+](=O)[O-])c3)oc(=O)c12;310;active
CHEMBL57561;O=C(O)c1ccc2c(/C=C/c3ccc4ccccc4n3)cccc2c1;500;active
CHEMBL52599;O=C(O)c1ccc(C(=O)Nc2ccc3c(COc4cccc(C(F)(F)F)c4)cccc3c2)cc1;152;intermediate
CHEMBL343974;Cc1csc2nc([C@H](C)NC(=O)/C=C/C(=O)Nc3ccccc3)oc(=O)c12;23000;active
CHEMBL440297;O=S(=O)(Nc1ccc2c(/C=C/c3ccc4ccccc4n3)cccc2c1)C(F)(F)F;95;active
CHEMBL299063;O=S(=O)(Nc1ccc2c(/C=C/c3cccc(C(F)(F)F)c3)cccc2c1)C(F)(F)F;65;active
CHEMBL56642;O=S(=O)(Nc1ccc2c(/C=C/c3cc(Cl)c4ccccc4n3)cccc2c1)C(F)(F)F;105;active
CHEMBL293782;Cc1ccc(S(=O)(=O)NC(=O)Nc2ccc3c(/C=C/c4ccc5ccc(Cl)cc5n4)cccc3c2)cc1;83;active
CHEMBL57617;O=S(=O)(Nc1ccc2c(/C=C/c3ccc4ccc(Cl)cc4n3)cccc2c1)C(F)(F)F;151;inactive
CHEMBL138045;Cc1csc2nc([C@H](C)NC(=O)CCC(=O)c3cccs3)oc(=O)c12;190000;active
CHEMBL59436;COc1cccc(/C=C/c2cccc3cc(NS(=O)(=O)C(F)(F)F)ccc23)c1;66;active
CHEMBL56361;O=C(O)c1ccc(CNc2ccc3c(/C=C/c4cccc(C(F)(F)F)c4)cccc3c2)cc1;69;active
CHEMBL56741;O=C(O)c1ccc(C(=O)Nc2ccc3c(COc4ccc(Br)cc4)cccc3c2)cc1;213;active
CHEMBL141311;CCOc1ccc(C(=O)/C=C/C(=O)N[C@@H](C)c2nc3scc(C)c3c(=O)o2)cc1;2600;active
CHEMBL345042;Cc1csc2nc([C@H](C)NC(=O)/C=C/C(=O)c3ccccc3[N+](=O)[O-])oc(=O)c12;140;active
CHEMBL59252;O=C(Nc1ccc2c(/C=C/c3ccc4cc(Cl)ccc4n3)cccc2c1)Oc1ccccc1;500;active
CHEMBL141684;Cc1csc2nc([C@H](C)NC(=O)/C=C/C(=O)c3cccc(C#N)c3)oc(=O)c12;410;active
CHEMBL442168;O=S(=O)(Nc1ccc2c(/C=C/c3ccc4cccc(Cl)c4n3)cccc2c1)C(F)(F)F;32;active
CHEMBL55962;O=C(Nc1ccc2c(/C=C/c3ccc4ccc(Cl)cc4n3)cccc2c1)c1ccccc1;500;active
CHEMBL57565;O=C(O)c1ccc(C(=O)Nc2ccc3c(OCc4cccc(Br)c4)cccc3c2)cc1;61;active
CHEMBL137847;CC(=O)/C=C/C(=O)N[C@@H](C)c1nc2scc(C)c2c(=O)o1;3700;active
CHEMBL292678;Nc1ccc2c(/C=C/c3ccc4ccc(Cl)cc4n3)cccc2c1;500;active
CHEMBL56849;O=C(O)c1ccc(CNc2ccc3c(/C=C/c4ccc5ccc(Cl)cc5n4)cccc3c2)cc1;27;active
CHEMBL57465;O=C(O)c1ccc(C(=O)Nc2ccc3c(OCc4cccc(C(F)(F)F)c4)cccc3c2)cc1;74;active
CHEMBL293998;Cc1ccc2nc(/C=C/c3cccc4cc(NS(=O)(=O)C(F)(F)F)ccc34)ccc2c1;63;active
CHEMBL54930;O=C(Nc1ccc2c(/C=C/c3ccc4ccc(Cl)cc4n3)cccc2c1)NS(=O)(=O)c1ccc(Cl)cc1;47;active
CHEMBL56307;O=C(O)c1ccc(C(=O)Nc2ccc3c(/C=C/c4cccc(C(F)(F)F)c4)cccc3c2)cc1;69;active
CHEMBL299043;O=S(=O)(Nc1ccc2c(/C=C/c3ccc4cc(Cl)ccc4n3)cccc2c1)C(F)(F)F;32;active
CHEMBL56701;CC(=O)Nc1ccc2c(/C=C/c3ccc4cc(Cl)ccc4n3)cccc2c1;430;active
CHEMBL293304;O=C(O)c1ccc(C(=O)Nc2ccc3c(/C=C/c4ccc5ccc(Cl)cc5n4)cccc3c2)cc1;174;active
CHEMBL139405;Cc1csc2nc([C@H](C)NC(=O)/C=C/C(=O)c3ccc(Cl)cc3)oc(=O)c12;600;inactive
CHEMBL344631;Cc1csc2nc([C@H](C)NC(=O)CCC(=O)c3ccccc3)oc(=O)c12;210000;active
CHEMBL56153;O=S(=O)(Nc1ccc2c(/C=C/c3ccccc3)cccc2c1)C(F)(F)F;75;active
CHEMBL56633;O=S(=O)(Nc1ccc2c(/C=C/c3ccc(Cl)cc3)cccc2c1)C(F)(F)F;43;active
CHEMBL440672;O=C(Nc1ccc2c(/C=C/c3ccc4ccc(Cl)cc4n3)cccc2c1)NS(=O)(=O)c1ccccc1;67;active
CHEMBL140485;COc1cccc(C(=O)/C=C/C(=O)N[C@@H](C)c2nc3scc(C)c3c(=O)o2)c1;290;active
CHEMBL293262;O=C(O)c1ccc(CNc2ccc3c(COc4ccc(Br)cc4)cccc3c2)cc1;28;active
CHEMBL56901;CS(=O)(=O)Nc1ccc2c(/C=C/c3ccc4cc(Cl)ccc4n3)cccc2c1;500;active
CHEMBL141812;Cc1csc2nc([C@H](C)NC(=O)/C=C/C(=O)c3ccccc3)oc(=O)c12;300;active
CHEMBL57169;O=C(O)c1ccc(C(=O)Nc2ccc3c(COc4cccc(Cl)c4)cccc3c2)cc1;153;active
CHEMBL56210;O=C(O)c1ccc(CNc2ccc3c(COc4cccc(Cl)c4)cccc3c2)cc1;31;active
CHEMBL299278;CN(C)c1ccc2nc(/C=C/c3cccc4cc(NS(=O)(=O)C(F)(F)F)ccc34)ccc2c1;37;active
CHEMBL299924;O=S(=O)(Nc1ccc2c(/C=C/c3ccccn3)cccc2c1)C(F)(F)F;660;active
CHEMBL56516;O=S(=O)(Nc1ccc2c(/C=C/c3ccc4ccccc4c3)cccc2c1)C(F)(F)F;150;active
CHEMBL56020;CN(c1ccc2c(/C=C/c3ccc4cc(Cl)ccc4n3)cccc2c1)S(=O)(=O)C(F)(F)F;500;active
CHEMBL55390;O=C(O)c1ccc(C(=O)Nc2ccc3c(OCc4cccc(Cl)c4)cccc3c2)cc1;51;active
CHEMBL136258;CC(C)Oc1ccc(NC(=O)N2CCC[C@H]2C(=O)N2CC[C@H]3[C@H]2[C@H](C)C(=O)N3C(=O)C2CC2)cc1;1800;active
CHEMBL344365;C[C@@H]1C(=O)N(C(=O)C2CC2)[C@H]2CCN(C(=O)[C@@H]3CCCN3C(=O)Nc3cccc(C(F)(F)F)c3)[C@H]12;5900;intermediate
CHEMBL344166;COc1ccc(C)c2sc(N3C(=O)[C@@H](C)[C@@H]4[C@@H]3CCN4C(=O)[C@@H]3CCCN3C(=O)Nc3ccc(C(C)C)cc3)nc12;11000;active
CHEMBL342631;CC(C)c1ccc(NC(=O)N2CCC[C@H]2C(=O)N2CC[C@H]3[C@H]2[C@H](C)C(=O)N3c2nccs2)cc1;15000;active
CHEMBL341422;C[C@@H]1C(=O)N(C(=O)C2CC2)[C@H]2CCN(C(=O)[C@@H]3CCCN3S(=O)(=O)c3ccc(Cl)cc3)[C@H]12;8400;intermediate
CHEMBL423909;C[C@@H]1C(=O)N(C(=O)C2CC2)[C@H]2CCN(C(=O)[C@@H]3CCCN3C(=O)Nc3ccc(-c4ccc(Cl)cc4)cc3)[C@H]12;2600;active
CHEMBL139958;C[C@@H]1C(=O)N(C(=O)C2CC2)[C@H]2CCN(C(=O)[C@@H]3CCCN3S(=O)(=O)c3cccc4cc(N(C)C)ccc34)[C@H]12;11000;intermediate
CHEMBL342043;C[C@@H]1C(=O)N(C(=O)C2CC2)[C@H]2CCN(C(=O)[C@@H]3CCCN3S(=O)(=O)c3ccc4ccccc4c3)[C@H]12;1900;active
CHEMBL141639;CC(C)c1ccc(NC(=O)N2CCC[C@H]2C(=O)N2CC[C@H]3[C@H]2[C@H](C)C(=O)N3C(=O)C2[C@@H](C)[C@H]2C)cc1;18000;active
CHEMBL341768;C[C@@H]1C(=O)N(C(=O)C2CC2)[C@H]2CCN(C(=O)[C@@H]3CCCN3C(=O)c3ccc(-c4ccccc4)cc3)[C@H]12;3000;intermediate
CHEMBL138413;C[C@@H]1C(=O)N(C(=O)C2CC2)[C@H]2CCN(C(=O)[C@@H]3CCCN3C(=O)Nc3cccc(Cl)c3)[C@H]12;6500;active
CHEMBL138431;CC(C)c1ccc(NC(=O)N2CCC[C@H]2C(=O)N2CC[C@H]3[C@H]2[C@H](C)C(=O)N3c2ccc([N+](=O)[O-])cc2)cc1;87000;active
CHEMBL344424;COc1ccc2nc(N3C(=O)[C@@H](C)[C@@H]4[C@@H]3CCN4C(=O)[C@@H]3CCCN3C(=O)Nc3ccc(C(C)C)cc3)sc2n1;8700;active
CHEMBL436413;C[C@@H]1C(=O)N(C(=O)C2CC2)[C@H]2CCN(C(=O)[C@@H]3CCCN3S(=O)(=O)c3cccc4ccccc34)[C@H]12;3700;active
CHEMBL139395;C[C@@H]1C(=O)N(C(=O)C2CC2)[C@H]2CCN(C(=O)[C@@H]3CCCN3C(=O)Nc3cccc4ccccc34)[C@H]12;6500;active
CHEMBL140884;CC(C)c1ccc(NC(=O)N2CCC[C@H]2C(=O)N2CC[C@H]3[C@H]2[C@H](C)C(=O)N3c2nc3c(Cl)cccc3s2)cc1;2900;active
CHEMBL341583;CC(C)c1ccc(NC(=O)N2CCC[C@H]2C(=O)N2CC[C@H]3[C@H]2[C@H](C)C(=O)N3c2nc3cccnc3s2)cc1;2900;intermediate
CHEMBL479921;CCCOc1ccc(NC(=O)N2CCC[C@H]2C(=O)N2CC[C@H]3[C@H]2[C@H](C)C(=O)N3C(=O)C2CC2)cc1;2100;inactive
CHEMBL138876;C[C@@H]1C(=O)N(C(=O)C2CC2)[C@H]2CCN(C(=O)[C@@H]3CCCN3C(=O)c3ccc(Cl)cc3)[C@H]12;14000;active
CHEMBL343154;CC(C)c1ccc(NC(=O)N2CCC[C@H]2C(=O)N2CC[C@H]3[C@H]2[C@H](C)C(=O)N3c2nc3ccc(CO)cc3s2)cc1;200000;intermediate
CHEMBL138762;CC(C)c1ccc(NC(=O)N2CCC[C@H]2C(=O)N2CC[C@H]3[C@H]2[C@H](C)C(=O)N3c2nc3cc(S(=O)(=O)C(F)F)ccc3s2)cc1;2100;intermediate
CHEMBL345088;C[C@@H]1C(=O)N(C(=O)C2CC2)[C@H]2CCN(C(=O)[C@@H]3CCCN3S(=O)(=O)Cc3ccccc3)[C@H]12;21000;active
CHEMBL344256;C[C@@H]1C(=O)N(C(=O)C2CC2)[C@H]2CCN(C(=O)[C@@H]3CCCN3C(=O)Nc3ccccc3)[C@H]12;14000;inactive
CHEMBL138754;CC(C)c1ccc(S(=O)(=O)N2CCC[C@H]2C(=O)N2CC[C@H]3[C@H]2[C@H](C)C(=O)N3C(=O)C2CC2)cc1;4600;active
CHEMBL336909;CC(C)c1ccc(NC(=O)N2CCC[C@H]2C(=O)N2CC[C@H]3[C@H]2[C@H](C)C(=O)N3C(=O)C2C(C)(C)C2(C)C)cc1;200000;active
CHEMBL422106;COc1cccc2sc(N3C(=O)[C@@H](C)[C@@H]4[C@@H]3CCN4C(=O)[C@@H]3CCCN3C(=O)Nc3ccc(C(C)C)cc3)nc12;2400;active
CHEMBL336230;CC(C)c1ccc(NC(=O)N2CCC[C@H]2C(=O)N2CC[C@H]3[C@H]2[C@H](C)C(=O)N3c2nc3cc(Cl)ccc3s2)cc1;4600;active
CHEMBL344199;COc1ccc2sc(N3C(=O)[C@@H](C)[C@@H]4[C@@H]3CCN4C(=O)[C@@H]3CCCN3C(=O)Nc3ccc(C(C)C)cc3)nc2c1;2300;active
CHEMBL342014;C[C@@H]1C(=O)N(C(=O)C2CC2)[C@H]2CCN(C(=O)[C@@H]3CCCN3C(=O)Nc3ccc(Cl)cc3)[C@H]12;2600;active
CHEMBL342871;CCOC(=O)c1ccc2nc(N3C(=O)[C@@H](C)[C@@H]4[C@@H]3CCN4C(=O)[C@@H]3CCCN3C(=O)Nc3ccc(C(C)C)cc3)sc2c1;3500;active
CHEMBL138346;C[C@@H]1C(=O)N(C(=O)C2CC2)[C@H]2CCN(C(=O)[C@@H]3CCCN3C(=O)Nc3ccc(C(F)(F)F)cc3)[C@H]12;2300;active
CHEMBL139154;COc1ccc2nc(N3C(=O)[C@@H](C)[C@@H]4[C@@H]3CCN4C(=O)[C@@H]3CCCN3C(=O)Nc3ccc(C(C)C)cc3)sc2c1;2200;intermediate
CHEMBL343989;CCCOc1ccc(S(=O)(=O)N2CCC[C@H]2C(=O)N2CC[C@H]3[C@H]2[C@H](C)C(=O)N3C(=O)C2CC2)cc1;2300;active
CHEMBL344039;CC(C)c1ccc(NC(=O)N2CCC[C@H]2C(=O)N2CC[C@H]3[C@H]2[C@H](C)C(=O)N3C(=O)C2CC2)cc1;2000;active
CHEMBL337146;C[C@@H]1C(=O)N(C(=O)C2CC2)[C@H]2CCN(C(=O)[C@@H]3CCCN3S(=O)(=O)c3ccccc3)[C@H]12;18000;active
CHEMBL337312;CC(C)c1ccc(C(=O)N2CCC[C@H]2C(=O)N2CC[C@H]3[C@H]2[C@H](C)C(=O)N3C(=O)C2CC2)cc1;3900;active
CHEMBL134973;CC(C)c1ccc(NC(=O)N2CCC[C@H]2C(=O)N2CC[C@H]3[C@H]2[C@H](C)C(=O)N3c2nc3ccc(OC(F)(F)F)cc3s2)cc1;4600;active
CHEMBL138211;CCCOc1ccc(C(=O)N2CCC[C@H]2C(=O)N2CC[C@H]3[C@H]2[C@H](C)C(=O)N3C(=O)C2CC2)cc1;5400;active
CHEMBL343130;C[C@@H]1C(=O)N(C(=O)C2CC2)[C@H]2CCN(C(=O)[C@@H]3CCCN3S(=O)(=O)c3ccc(-c4ccc(Cl)cc4)cc3)[C@H]12;8400;active
CHEMBL336034;Cc1c(C(=O)N2CCC[C@H]2C(=O)N2CC[C@H]3[C@H]2[C@H](C)C(=O)N3C(=O)C2CC2)sc2ccc(Cl)cc12;1900;active
CHEMBL343116;CC(C)c1ccc(NC(=O)N2CCC[C@H]2C(=O)N2CC[C@H]3[C@H]2[C@H](C)C(=O)N3c2nc3ccc([N+](=O)[O-])cc3s2)cc1;3900;intermediate
CHEMBL138427;CC(C)Oc1ccc(S(=O)(=O)N2CCC[C@H]2C(=O)N2CC[C@H]3[C@H]2[C@H](C)C(=O)N3C(=O)C2CC2)cc1;4000;active
CHEMBL341767;CC(C)c1ccccc1NC(=O)N1CCC[C@H]1C(=O)N1CC[C@H]2[C@H]1[C@H](C)C(=O)N2C(=O)C1CC1;4700;active
CHEMBL138087;C[C@@H]1C(=O)N(C(=O)C2CC2)[C@H]2CCN(C(=O)[C@@H]3CCCN3C(=O)c3ccc(-c4ccc(Cl)cc4)cc3)[C@H]12;14000;active
CHEMBL421758;C[C@@H]1C(=O)N(C(=O)C2CC2)[C@H]2CCN(C(=O)[C@@H]3CCCN3C(=O)c3cccc4ccccc34)[C@H]12;8900;active
CHEMBL139571;CC(C)c1ccc(NC(=O)N2CCC[C@H]2C(=O)N2CC[C@H]3[C@H]2[C@H](C)C(=O)N3C(=O)[C@H]2[C@@H](C)[C@H]2C)cc1;3000;active
CHEMBL344656;CC(C)c1ccc(NC(=O)N2CCC[C@H]2C(=O)N2CC[C@H]3[C@H]2[C@H](C)C(=O)N3c2nc3ccccc3s2)cc1;1800;intermediate
CHEMBL138141;CC(C)c1ccc(NC(=O)N2CCC[C@H]2C(=O)N2CC[C@H]3[C@H]2[C@H](C)C(=O)N3c2nc3ccc(F)cc3s2)cc1;3600;inactive
CHEMBL107126;Cc1csc2nc(Cc3ccc(C(=O)c4ccc(NO)cc4)cc3)oc(=O)c12;140;intermediate
CHEMBL107064;CC(=O)ON(C(C)=O)c1cccc(C(=O)c2ccc(Cc3nc4scc(C)c4c(=O)o3)cc2)c1;14000;inactive
CHEMBL442199;Cc1csc2nc(Cc3ccc(C(=O)c4ccccc4)cc3)nc(O)c12;330000;intermediate
CHEMBL108055;Cc1csc2nc(Cc3ccc(C(=O)c4cccc(CO)c4)cc3)oc(=O)c12;11000;intermediate
CHEMBL104823;Cc1csc2nc(Cc3ccc(C(=O)c4cccc(/N=[N+](\[O-])c5cccc(C(=O)c6ccc(Cc7nc8scc(C)c8c(=O)o7)cc6)c5)c4)cc3)oc(=O)c12;330000;intermediate
CHEMBL323736;Cc1csc2nc(Cc3ccc(C(=O)c4cccc([N+](=O)[O-])c4)cc3)oc(=O)c12;35000;intermediate
CHEMBL317816;Cc1csc2nc(Cc3ccc(C(=O)c4cccc(NO)c4)cc3)nc(O)c12;20000;intermediate
CHEMBL320474;ONc1ccccc1;90000;active
CHEMBL104680;CONc1cccc(C(=O)Nc2cccc(Cc3nc4scc(C)c4c(=O)o3)c2)c1;22000;active
CHEMBL317213;Cc1csc2nc(Cc3cccc(NC(=O)c4cccc(NN)c4)c3)oc(=O)c12;38000;active
CHEMBL326888;Cc1csc2nc(Cc3ccc(C(=O)c4cccc(N)c4)cc3)oc(=O)c12;10000;intermediate
CHEMBL432637;Cc1csc2nc(Cc3ccc(C(=O)c4cccc(NO)c4)cc3)oc(=O)c12;190;intermediate
CHEMBL107078;Cc1csc2nc(Cc3ccc(C(=O)c4cccc(N=O)c4)cc3)oc(=O)c12;550;active
CHEMBL105989;Cc1ccc(C(=O)c2cccc(NO)c2)cc1;37000;active
CHEMBL106244;CC(=O)N(O)c1cccc(C(=O)c2ccc(Cc3nc4scc(C)c4c(=O)o3)cc2)c1;11000;active
CHEMBL107357;Cc1csc2nc(Cc3ccc(C(=O)c4ccc(CO)cc4)cc3)oc(=O)c12;9400;intermediate
CHEMBL322676;Cc1csc2nc(Cc3cccc(NC(=O)c4cccc(NO)c4)c3)oc(=O)c12;450;intermediate
CHEMBL104662;Cc1csc2nc(Cc3ccc(C(=O)c4ccccc4)cc3)oc(=O)c12;8000;inactive
CHEMBL106921;Cc1csc2nc(Cc3cccc(NC(=O)c4ccccc4)c3)oc(=O)c12;15000;active
CHEMBL107963;Cc1csc2nc(Cc3cccc(NC(=O)c4ccc(NN)cc4)c3)oc(=O)c12;24000;inactive
